user_id,cellphone_id,rating
0,0,1
1,1,3
6,2,9
8,3,3
10,4,2
12,5,2
16,6,1
24,7,2
25,8,1
26,9,10
27,10,8
28,11,7
29,12,5
30,13,10
32,14,6
33,15,8
35,16,7
36,17,8
37,18,7
38,19,8
52,20,5
56,21,6
60,22,8
74,23,2
79,24,7
80,25,1
84,26,10
85,27,9
91,28,4
95,29,3
98,30,6
99,31,9
100,32,9
